id	zh
biological-sciences	生命科学
business-and-commerce	商业与经济
earth-and-environmental-sciences	地球与环境科学
health-sciences	健康科学
humanities	人文学科
physical-sciences	物质科学
scientific-community-and-society	科学共同体与社会
social-science	社会科学
biochemistry	生物化学
biological-techniques	生物学技术
biophysics	生物物理学
biotechnology	生物技术
cancer	癌症
cell-biology	细胞生物学
chemical-biology	化学生物学
computational-biology-and-bioinformatics	计算生物学与生物信息学
developmental-biology	发育生物学
drug-discovery	药物发现
ecology	生态学
evolution	进化
genetics	遗传学
immunology	免疫学
microbiology	微生物学
molecular-biology	分子生物学
neuroscience	神经科学
physiology	生理学
plant-sciences	植物科学
psychology	心理学
stem-cells	干细胞
structural-biology	结构生物学
systems-biology	系统生物学
zoology	动物学
business-and-management	商业与管理
economics	经济学
finance	金融学
information-systems-and-information-technology	信息系统与信息技术
operational-research	运筹学
biogeochemistry	生物地球化学
climate-sciences	气候科学
environmental-sciences	环境科学
environmental-social-sciences	环境社会科学
hydrology	水文学
limnology	湖沼学
natural-hazards	自然灾害
ocean-sciences	海洋科学
planetary-science	行星科学
solid-earth-sciences	固体地球科学
space-physics	空间物理学
anatomy	解剖学
biomarkers	生物标志物
cardiology	心脏病学
diseases	疾病
endocrinology	内分泌学
gastroenterology	胃肠病学
health-care	医疗保健
health-occupations	卫生职业
medical-research	医学研究
molecular-medicine	分子医学
nephrology	肾脏病学
neurology	神经病学
oncology	肿瘤学
pathogenesis	发病机制
rheumatology	风湿病学
risk-factors	风险因素
signs-and-symptoms	体征与症状
urology	泌尿学
complex-networks	复杂网络
cultural-and-media-studies	文化与媒介研究
health-humanities	健康人文学
history	历史学
language-and-linguistics	语言与语言学
literature	文学
medical-humanities	医学人文学
philosophy	哲学
religion	宗教研究
theatre-and-performance-studies	戏剧与表演研究
astronomy-and-planetary-science	天文学与行星科学
chemistry	化学
energy-science-and-technology	能源科学与技术
engineering	工程学
materials-science	材料科学
mathematics-and-computing	数学与计算
nanoscience-and-technology	纳米科学与技术
optics-and-photonics	光学与光子学
physics	物理学
agriculture	农业
business-and-industry	商业与产业
developing-world	发展中地区
energy-and-society	能源与社会
forestry	林业
geography	地理学
scientific-community	科学共同体
social-sciences	社会科学研究
water-resources	水资源
anthropology	人类学
criminology	犯罪学
development-studies	发展研究
education	教育学
environmental-studies	环境研究
politics-and-international-relations	政治与国际关系
science-technology-and-society	科学、技术与社会
social-policy	社会政策
sociology	社会学
