id	name_en	name_zh	groups
biochemistry	Biochemistry	生物化学	biological-sciences
biological-techniques	Biological techniques	生物学技术	biological-sciences
biophysics	Biophysics	生物物理学	biological-sciences
biotechnology	Biotechnology	生物技术	biological-sciences
cancer	Cancer	癌症	biological-sciences
cell-biology	Cell biology	细胞生物学	biological-sciences
chemical-biology	Chemical biology	化学生物学	biological-sciences
computational-biology-and-bioinformatics	Computational biology and bioinformatics	计算生物学与生物信息学	biological-sciences
developmental-biology	Developmental biology	发育生物学	biological-sciences
drug-discovery	Drug discovery	药物发现	biological-sciences
ecology	Ecology	生态学	biological-sciences;earth-and-environmental-sciences
evolution	Evolution	进化	biological-sciences
genetics	Genetics	遗传学	biological-sciences
immunology	Immunology	免疫学	biological-sciences
microbiology	Microbiology	微生物学	biological-sciences
molecular-biology	Molecular biology	分子生物学	biological-sciences
neuroscience	Neuroscience	神经科学	biological-sciences
physiology	Physiology	生理学	biological-sciences
plant-sciences	Plant sciences	植物科学	biological-sciences
psychology	Psychology	心理学	biological-sciences;social-science
stem-cells	Stem cells	干细胞	biological-sciences
structural-biology	Structural biology	结构生物学	biological-sciences
systems-biology	Systems biology	系统生物学	biological-sciences
zoology	Zoology	动物学	biological-sciences
business-and-management	Business and management	商业与管理	business-and-commerce;social-science
economics	Economics	经济学	business-and-commerce;social-science
finance	Finance	金融学	business-and-commerce;social-science
information-systems-and-information-technology	Information systems and information technology	信息系统与信息技术	business-and-commerce
operational-research	Operational research	运筹学	business-and-commerce
biogeochemistry	Biogeochemistry	生物地球化学	earth-and-environmental-sciences
climate-sciences	Climate sciences	气候科学	earth-and-environmental-sciences
environmental-sciences	Environmental sciences	环境科学	earth-and-environmental-sciences
environmental-social-sciences	Environmental social sciences	环境社会科学	earth-and-environmental-sciences
hydrology	Hydrology	水文学	earth-and-environmental-sciences
limnology	Limnology	湖沼学	earth-and-environmental-sciences
natural-hazards	Natural hazards	自然灾害	earth-and-environmental-sciences
ocean-sciences	Ocean sciences	海洋科学	earth-and-environmental-sciences
planetary-science	Planetary science	行星科学	earth-and-environmental-sciences
solid-earth-sciences	Solid Earth sciences	固体地球科学	earth-and-environmental-sciences
space-physics	Space physics	空间物理学	earth-and-environmental-sciences
anatomy	Anatomy	解剖学	health-sciences
biomarkers	Biomarkers	生物标志物	health-sciences
cardiology	Cardiology	心脏病学	health-sciences
diseases	Diseases	疾病	health-sciences
endocrinology	Endocrinology	内分泌学	health-sciences
gastroenterology	Gastroenterology	胃肠病学	health-sciences
health-care	Health care	医疗保健	health-sciences
health-occupations	Health occupations	卫生职业	health-sciences
medical-research	Medical research	医学研究	health-sciences
molecular-medicine	Molecular medicine	分子医学	health-sciences
nephrology	Nephrology	肾脏病学	health-sciences
neurology	Neurology	神经病学	health-sciences
oncology	Oncology	肿瘤学	health-sciences
pathogenesis	Pathogenesis	发病机制	health-sciences
rheumatology	Rheumatology	风湿病学	health-sciences
risk-factors	Risk factors	风险因素	health-sciences
signs-and-symptoms	Signs and symptoms	体征与症状	health-sciences
urology	Urology	泌尿学	health-sciences
complex-networks	Complex networks	复杂网络	humanities;social-science
cultural-and-media-studies	Cultural and media studies	文化与媒介研究	humanities;social-science
health-humanities	Health humanities	健康人文学	humanities
history	History	历史学	humanities;social-science
language-and-linguistics	Language and linguistics	语言与语言学	humanities;social-science
literature	Literature	文学	humanities
medical-humanities	Medical humanities	医学人文学	humanities
philosophy	Philosophy	哲学	humanities
religion	Religion	宗教研究	humanities
theatre-and-performance-studies	Theatre and performance studies	戏剧与表演研究	humanities
astronomy-and-planetary-science	Astronomy and planetary science	天文学与行星科学	physical-sciences
chemistry	Chemistry	化学	physical-sciences
energy-science-and-technology	Energy science and technology	能源科学与技术	physical-sciences
engineering	Engineering	工程学	physical-sciences
materials-science	Materials science	材料科学	physical-sciences
mathematics-and-computing	Mathematics and computing	数学与计算	physical-sciences
nanoscience-and-technology	Nanoscience and technology	纳米科学与技术	physical-sciences
optics-and-photonics	Optics and photonics	光学与光子学	physical-sciences
physics	Physics	物理学	physical-sciences
agriculture	Agriculture	农业	scientific-community-and-society
business-and-industry	Business and industry	商业与产业	scientific-community-and-society
developing-world	Developing world	发展中地区	scientific-community-and-society
energy-and-society	Energy and society	能源与社会	scientific-community-and-society
forestry	Forestry	林业	scientific-community-and-society
geography	Geography	地理学	scientific-community-and-society;social-science
scientific-community	Scientific community	科学共同体	scientific-community-and-society
social-sciences	Social sciences	社会科学研究	scientific-community-and-society
water-resources	Water resources	水资源	scientific-community-and-society
anthropology	Anthropology	人类学	social-science
criminology	Criminology	犯罪学	social-science
development-studies	Development studies	发展研究	social-science
education	Education	教育学	social-science
environmental-studies	Environmental studies	环境研究	social-science
politics-and-international-relations	Politics and international relations	政治与国际关系	social-science
science-technology-and-society	Science, technology and society	科学、技术与社会	social-science
social-policy	Social policy	社会政策	social-science
sociology	Sociology	社会学	social-science
